# Foe elemental weakness table. Written by com.foe.tools.GenerateWeaknessTable; do not edit by hand.
# Source: https://oldschool.runescape.wiki/api.php?action=bucket (bucket infobox_monster)
# Licence: CC BY-NC-SA 3.0, see weakness-table.LICENSE
# Fetched (UTC): 2026-10-09
# Rows read: 3271
# Ids written: 1769
# Ids written with an element and no percent: 1
# Ids skipped, element without percent: 0
# Ids skipped, non-numeric id: 7
# Ids skipped, element conflict: 0
# Rows skipped, no ids: 1
# Generation: first (no previous table, nothing held back)
# Changes held back, page edited within 7 days: 0
# Accept-shrink: no
# Line format: id<TAB>ELEMENT<TAB>percent. The percent is empty for NONE, and where tabs disagree on it.
1	EARTH	60
2	AIR	50
3	AIR	50
4	AIR	50
5	AIR	50
6	AIR	50
7	AIR	50
26	FIRE	50
27	FIRE	50
28	FIRE	50
29	FIRE	50
30	FIRE	50
31	FIRE	50
32	FIRE	50
34	FIRE	50
37	FIRE	50
38	FIRE	50
39	FIRE	50
40	FIRE	50
41	FIRE	50
42	FIRE	50
43	FIRE	50
44	FIRE	50
45	FIRE	50
46	FIRE	50
47	FIRE	50
48	FIRE	50
49	FIRE	50
50	FIRE	50
51	FIRE	50
52	FIRE	50
54	FIRE	50
55	FIRE	50
56	FIRE	50
57	FIRE	50
58	FIRE	50
59	FIRE	50
60	FIRE	50
61	FIRE	50
62	FIRE	50
63	FIRE	50
64	FIRE	50
65	FIRE	50
66	FIRE	50
67	FIRE	50
68	FIRE	50
69	FIRE	50
70	EARTH	35
71	EARTH	35
72	EARTH	35
73	EARTH	35
74	EARTH	35
75	EARTH	35
76	EARTH	35
77	EARTH	35
78	EARTH	35
79	EARTH	35
80	EARTH	35
81	EARTH	35
82	EARTH	35
83	EARTH	35
84	EARTH	35
85	AIR	50
86	AIR	50
87	AIR	50
88	AIR	50
89	AIR	50
90	AIR	50
91	AIR	50
92	AIR	50
93	AIR	50
95	AIR	50
97	AIR	50
99	AIR	50
100	EARTH	20
101	EARTH	20
102	EARTH	20
103	EARTH	20
104	WATER	50
105	WATER	50
106	FIRE	25
107	FIRE	25
108	FIRE	25
109	FIRE	20
110	FIRE	25
115	FIRE	20
130	AIR	35
135	WATER	50
136	EARTH	20
137	WATER	50
139	EARTH	50
140	EARTH	35
232	FIRE	15
239	WATER	50
240	WATER	40
241	WATER	50
242	WATER	50
243	WATER	50
244	WATER	50
245	WATER	50
246	WATER	50
247	WATER	50
248	WATER	50
249	WATER	50
250	WATER	50
251	WATER	50
252	WATER	50
253	WATER	50
254	WATER	50
255	WATER	50
256	WATER	50
257	WATER	50
258	WATER	50
259	WATER	50
260	WATER	50
261	WATER	50
262	WATER	50
263	WATER	50
264	WATER	50
265	WATER	50
266	WATER	50
267	WATER	50
268	WATER	50
269	WATER	50
270	EARTH	50
271	EARTH	50
272	EARTH	50
273	EARTH	50
274	EARTH	50
275	EARTH	50
319	EARTH	10
412	EARTH	40
413	EARTH	40
414	AIR	30
417	EARTH	40
418	EARTH	40
421	EARTH	25
422	EARTH	25
423	AIR	35
433	WATER	100
434	WATER	100
435	WATER	100
436	WATER	100
437	EARTH	35
438	EARTH	35
439	EARTH	35
440	EARTH	35
441	EARTH	35
442	EARTH	35
464	FIRE	50
465	FIRE	25
466	FIRE	25
467	FIRE	25
468	FIRE	25
469	AIR	60
470	AIR	60
472	AIR	50
473	AIR	50
474	AIR	50
477	EARTH	25
478	EARTH	25
480	EARTH	50
481	FIRE	50
483	FIRE	50
492	EARTH	50
493	NONE	
494	EARTH	50
496	NONE	
498	AIR	30
499	AIR	20
505	AIR	50
506	AIR	50
507	AIR	50
509	AIR	20
537	FIRE	40
563	FIRE	50
564	FIRE	50
565	FIRE	50
566	FIRE	50
567	FIRE	50
568	FIRE	50
569	FIRE	50
570	FIRE	50
571	FIRE	50
572	FIRE	50
573	FIRE	50
574	FIRE	50
575	FIRE	50
576	FIRE	50
577	FIRE	50
578	FIRE	50
579	FIRE	50
580	FIRE	50
581	FIRE	50
582	FIRE	50
583	FIRE	50
584	FIRE	50
585	FIRE	50
586	FIRE	50
587	FIRE	50
588	FIRE	50
589	FIRE	50
590	FIRE	50
591	FIRE	50
592	FIRE	50
593	FIRE	50
594	FIRE	50
595	FIRE	50
596	FIRE	50
597	FIRE	50
598	FIRE	50
599	FIRE	50
613	FIRE	50
614	FIRE	50
615	FIRE	50
616	FIRE	50
617	FIRE	50
618	FIRE	50
619	FIRE	50
620	FIRE	50
621	FIRE	50
622	FIRE	50
623	FIRE	50
624	FIRE	50
625	AIR	30
626	FIRE	25
642	EARTH	50
643	EARTH	50
645	FIRE	20
646	FIRE	20
647	FIRE	20
648	FIRE	100
649	FIRE	100
650	FIRE	100
651	FIRE	100
652	FIRE	100
653	FIRE	100
654	FIRE	100
680	EARTH	40
681	EARTH	40
699	FIRE	100
700	FIRE	100
701	FIRE	100
702	FIRE	100
703	FIRE	100
704	FIRE	100
705	FIRE	100
710	FIRE	20
711	FIRE	20
712	FIRE	20
713	FIRE	20
714	FIRE	20
715	FIRE	20
717	FIRE	50
720	FIRE	50
721	FIRE	50
722	FIRE	50
723	FIRE	50
724	FIRE	50
725	FIRE	50
726	FIRE	50
727	FIRE	50
728	FIRE	50
729	FIRE	50
762	AIR	30
763	AIR	35
787	EARTH	20
788	EARTH	20
789	EARTH	20
790	EARTH	20
791	EARTH	20
792	EARTH	20
793	EARTH	20
794	FIRE	50
795	FIRE	40
796	FIRE	40
797	FIRE	50
798	FIRE	50
799	FIRE	50
800	FIRE	40
801	FIRE	40
817	WATER	30
852	FIRE	30
853	FIRE	30
854	FIRE	30
855	FIRE	30
880	FIRE	50
911	WATER	25
924	EARTH	35
925	EARTH	20
926	EARTH	20
927	EARTH	20
928	EARTH	20
931	EARTH	20
932	EARTH	20
933	EARTH	20
934	EARTH	20
935	EARTH	20
936	FIRE	50
937	FIRE	50
938	FIRE	50
939	FIRE	50
940	FIRE	50
941	FIRE	50
942	FIRE	50
946	AIR	25
955	FIRE	40
956	FIRE	40
957	FIRE	40
958	FIRE	40
959	FIRE	40
960	FIRE	40
961	FIRE	40
962	FIRE	40
963	FIRE	40
965	FIRE	40
970	EARTH	35
971	EARTH	35
972	EARTH	35
973	EARTH	35
974	EARTH	35
975	EARTH	35
976	EARTH	35
977	EARTH	35
978	EARTH	35
979	EARTH	35
980	EARTH	35
981	EARTH	35
982	EARTH	35
983	EARTH	35
984	EARTH	35
985	EARTH	35
986	EARTH	35
987	EARTH	35
988	EARTH	35
1024	FIRE	40
1039	AIR	40
1041	FIRE	40
1042	FIRE	25
1043	FIRE	25
1044	FIRE	25
1045	FIRE	25
1046	FIRE	25
1047	FIRE	30
1048	FIRE	30
1049	FIRE	30
1050	FIRE	30
1051	FIRE	30
1072	FIRE	40
1073	FIRE	40
1074	FIRE	40
1097	EARTH	20
1098	EARTH	20
1101	EARTH	20
1127	FIRE	50
1129	FIRE	10
1153	EARTH	20
1163	FIRE	35
1226	FIRE	25
1261	FIRE	20
1262	FIRE	20
1263	FIRE	20
1264	FIRE	20
1265	FIRE	20
1267	AIR	20
1268	AIR	20
1276	AIR	40
1277	AIR	40
1279	AIR	40
1280	AIR	40
1281	AIR	40
1282	AIR	40
1283	AIR	40
1284	AIR	40
1285	AIR	40
1286	AIR	40
1338	AIR	20
1339	AIR	20
1362	EARTH	40
1364	EARTH	40
1365	WATER	100
1366	EARTH	50
1367	EARTH	50
1369	AIR	30
1370	EARTH	50
1432	WATER	40
1443	FIRE	25
1537	EARTH	35
1538	EARTH	35
1539	EARTH	35
1540	EARTH	35
1541	EARTH	35
1543	EARTH	40
1672	AIR	50
1673	AIR	50
1674	AIR	50
1675	AIR	50
1676	AIR	50
1677	AIR	50
1683	FIRE	50
1684	FIRE	40
1685	EARTH	35
1686	EARTH	35
1687	EARTH	35
1688	EARTH	35
1782	FIRE	50
1794	FIRE	10
1797	FIRE	10
1852	FIRE	20
1853	FIRE	20
1861	FIRE	35
1862	FIRE	35
1863	FIRE	35
1864	FIRE	35
1865	FIRE	35
1866	FIRE	35
1871	WATER	50
1872	WATER	50
1874	FIRE	50
1875	FIRE	50
1876	FIRE	50
1877	FIRE	35
2005	WATER	40
2006	WATER	40
2007	WATER	40
2008	WATER	40
2018	WATER	40
2025	WATER	40
2026	WATER	40
2027	WATER	40
2028	WATER	40
2029	WATER	40
2030	WATER	40
2031	WATER	40
2032	WATER	40
2042	FIRE	50
2043	FIRE	50
2044	FIRE	50
2048	WATER	40
2049	WATER	40
2050	WATER	40
2051	WATER	40
2052	WATER	40
2054	AIR	50
2063	FIRE	25
2075	WATER	100
2076	WATER	100
2077	WATER	100
2078	WATER	100
2079	WATER	100
2080	WATER	100
2081	WATER	100
2082	WATER	100
2083	WATER	100
2084	WATER	100
2085	FIRE	100
2086	FIRE	100
2087	FIRE	100
2088	FIRE	100
2089	FIRE	100
2090	FIRE	50
2091	FIRE	50
2092	FIRE	50
2093	FIRE	50
2094	EARTH	25
2095	EARTH	20
2096	EARTH	20
2098	EARTH	25
2099	EARTH	25
2100	EARTH	25
2101	EARTH	25
2102	EARTH	25
2103	EARTH	25
2145	FIRE	50
2154	WATER	40
2155	WATER	40
2156	WATER	40
2157	WATER	40
2158	WATER	40
2159	WATER	40
2160	WATER	40
2161	WATER	40
2162	WATER	40
2163	WATER	40
2164	WATER	40
2165	WATER	40
2166	WATER	40
2167	WATER	40
2168	WATER	40
2169	WATER	40
2170	WATER	40
2171	WATER	40
2172	WATER	40
2173	WATER	40
2174	WATER	40
2175	WATER	40
2176	WATER	40
2177	WATER	40
2178	WATER	40
2179	WATER	40
2187	WATER	40
2189	WATER	40
2190	WATER	40
2191	WATER	40
2192	WATER	40
2193	WATER	40
2194	WATER	40
2210	AIR	30
2211	AIR	30
2212	AIR	30
2215	EARTH	40
2233	EARTH	20
2234	EARTH	25
2237	EARTH	15
2238	EARTH	15
2239	EARTH	15
2240	EARTH	15
2242	AIR	30
2243	AIR	30
2244	AIR	30
2259	EARTH	35
2261	EARTH	20
2264	EARTH	35
2265	EARTH	35
2266	EARTH	35
2267	EARTH	35
2450	EARTH	30
2451	EARTH	30
2452	EARTH	30
2453	EARTH	30
2454	EARTH	30
2455	EARTH	30
2456	EARTH	30
2477	FIRE	50
2478	FIRE	50
2479	FIRE	25
2480	FIRE	25
2490	FIRE	25
2491	FIRE	25
2498	FIRE	20
2499	FIRE	20
2500	FIRE	20
2501	FIRE	50
2502	FIRE	50
2503	FIRE	50
2504	FIRE	50
2505	FIRE	50
2506	FIRE	50
2507	FIRE	50
2508	FIRE	50
2509	FIRE	50
2514	AIR	40
2515	AIR	40
2516	AIR	40
2517	AIR	40
2518	AIR	40
2519	AIR	40
2520	EARTH	35
2521	EARTH	35
2522	EARTH	35
2523	EARTH	35
2524	EARTH	35
2525	EARTH	35
2526	EARTH	35
2527	AIR	50
2528	AIR	50
2529	AIR	50
2530	AIR	50
2531	AIR	50
2532	AIR	50
2533	AIR	50
2534	AIR	50
2592	EARTH	20
2634	EARTH	25
2642	WATER	50
2645	EARTH	30
2646	EARTH	25
2647	EARTH	25
2648	EARTH	30
2649	EARTH	25
2650	EARTH	30
2651	EARTH	25
2652	EARTH	25
2827	AIR	35
2834	AIR	10
2838	FIRE	20
2839	FIRE	30
2841	FIRE	100
2842	FIRE	100
2843	AIR	35
2851	FIRE	100
2916	EARTH	100
2917	EARTH	100
2918	WATER	50
2919	EARTH	50
2992	FIRE	50
2993	FIRE	50
3016	FIRE	40
3017	FIRE	50
3018	FIRE	50
3019	FIRE	50
3020	FIRE	40
3021	FIRE	40
3022	FIRE	100
3023	FIRE	40
3024	FIRE	25
3025	FIRE	25
3026	FIRE	25
3027	FIRE	20
3116	WATER	40
3117	WATER	40
3118	WATER	40
3119	WATER	40
3120	WATER	40
3121	WATER	40
3122	WATER	40
3123	WATER	40
3124	WATER	40
3125	WATER	40
3126	WATER	40
3127	WATER	40
3128	WATER	40
3129	WATER	30
3130	WATER	40
3131	WATER	40
3132	WATER	25
3134	WATER	10
3139	WATER	100
3140	FIRE	100
3159	AIR	30
3160	AIR	30
3161	AIR	30
3162	AIR	30
3163	AIR	30
3164	AIR	30
3165	AIR	30
3166	AIR	30
3167	AIR	30
3168	AIR	30
3169	AIR	45
3170	AIR	45
3171	AIR	45
3172	AIR	45
3173	AIR	45
3174	AIR	45
3175	AIR	45
3176	AIR	45
3177	AIR	45
3178	AIR	45
3179	AIR	45
3180	AIR	45
3181	AIR	45
3182	AIR	45
3183	AIR	45
3184	EARTH	35
3185	EARTH	35
3357	WATER	40
3358	AIR	35
3359	FIRE	50
3420	FIRE	20
3421	FIRE	20
3422	FIRE	20
3423	FIRE	20
3424	FIRE	20
3425	FIRE	20
3458	FIRE	10
3508	AIR	15
3509	AIR	15
3565	EARTH	35
3600	EARTH	40
3602	FIRE	25
3616	AIR	25
3625	AIR	50
3664	FIRE	20
3665	FIRE	20
3851	FIRE	50
3852	FIRE	50
3901	FIRE	25
3908	FIRE	25
3909	FIRE	25
3912	FIRE	25
3922	AIR	50
3962	WATER	10
3964	AIR	10
3965	AIR	15
3966	AIR	10
3969	FIRE	50
3970	FIRE	50
3971	FIRE	50
3972	EARTH	35
3973	EARTH	35
3974	EARTH	35
3975	AIR	50
3976	AIR	50
3977	AIR	50
3978	AIR	50
3979	AIR	50
3980	FIRE	50
3981	FIRE	50
3982	WATER	40
4004	AIR	40
4005	EARTH	60
4115	WATER	30
4120	EARTH	20
4121	EARTH	20
4122	EARTH	20
4123	EARTH	20
4124	EARTH	20
4125	EARTH	20
4126	EARTH	20
4127	EARTH	20
4128	EARTH	20
4129	EARTH	20
4130	EARTH	40
4131	EARTH	20
4132	EARTH	20
4133	EARTH	20
4134	EARTH	20
4135	EARTH	20
4136	EARTH	20
4137	EARTH	20
4138	EARTH	20
4139	EARTH	20
4143	EARTH	50
4184	EARTH	40
4185	FIRE	10
4192	FIRE	50
4195	AIR	40
4196	AIR	40
4197	AIR	40
4198	AIR	40
4303	FIRE	40
4304	FIRE	40
4308	EARTH	15
4309	EARTH	15
4310	EARTH	15
4311	EARTH	15
4315	EARTH	15
4319	EARTH	35
4362	EARTH	20
4491	EARTH	35
4492	EARTH	35
4493	EARTH	35
4494	EARTH	35
4495	EARTH	35
4496	EARTH	35
4497	EARTH	35
4498	EARTH	35
4499	EARTH	35
4504	AIR	10
4533	FIRE	50
4561	FIRE	50
4695	FIRE	40
4799	EARTH	25
4800	EARTH	25
4813	FIRE	100
4819	EARTH	20
4820	EARTH	20
4821	EARTH	20
4822	EARTH	20
4881	WATER	50
4882	FIRE	40
4922	FIRE	100
4927	WATER	100
4987	WATER	25
5007	WATER	10
5054	EARTH	35
5129	EARTH	50
5194	WATER	50
5237	EARTH	35
5238	FIRE	50
5239	FIRE	50
5240	AIR	25
5241	AIR	25
5242	FIRE	25
5243	FIRE	40
5281	FIRE	50
5282	FIRE	50
5283	FIRE	50
5330	FIRE	40
5331	FIRE	40
5332	FIRE	40
5333	FIRE	40
5335	FIRE	40
5336	FIRE	40
5337	FIRE	40
5338	FIRE	40
5339	FIRE	40
5342	EARTH	50
5343	EARTH	50
5344	EARTH	50
5345	EARTH	50
5346	FIRE	50
5347	FIRE	50
5348	FIRE	50
5349	FIRE	50
5350	FIRE	50
5351	FIRE	50
5353	FIRE	40
5354	EARTH	40
5355	AIR	20
5370	AIR	50
5372	FIRE	40
5373	FIRE	40
5534	NONE	
5535	EARTH	50
5563	AIR	30
5564	AIR	15
5565	AIR	25
5566	AIR	10
5625	AIR	25
5626	AIR	25
5627	AIR	25
5628	EARTH	45
5629	EARTH	45
5630	EARTH	45
5631	AIR	40
5632	AIR	40
5633	AIR	40
5648	FIRE	50
5649	FIRE	50
5650	FIRE	50
5651	FIRE	50
5652	FIRE	50
5653	FIRE	50
5654	FIRE	50
5655	FIRE	50
5656	FIRE	50
5657	FIRE	50
5658	FIRE	50
5659	FIRE	50
5660	FIRE	50
5661	FIRE	50
5662	FIRE	50
5663	FIRE	50
5665	FIRE	50
5666	FIRE	50
5667	FIRE	50
5668	FIRE	50
5669	FIRE	50
5670	FIRE	50
5671	FIRE	50
5672	FIRE	50
5673	FIRE	50
5674	FIRE	50
5675	FIRE	50
5676	FIRE	50
5677	FIRE	50
5678	FIRE	50
5679	FIRE	50
5680	FIRE	50
5681	FIRE	50
5682	FIRE	50
5683	FIRE	50
5684	FIRE	50
5685	FIRE	50
5686	FIRE	50
5687	FIRE	50
5688	FIRE	50
5689	FIRE	50
5690	FIRE	50
5691	FIRE	50
5692	FIRE	50
5693	FIRE	50
5694	FIRE	50
5695	FIRE	50
5696	FIRE	50
5697	FIRE	50
5698	FIRE	50
5699	FIRE	50
5700	FIRE	50
5701	FIRE	50
5702	FIRE	50
5703	FIRE	50
5704	FIRE	50
5705	FIRE	50
5706	FIRE	50
5707	FIRE	50
5708	FIRE	50
5709	FIRE	50
5710	FIRE	50
5711	FIRE	50
5712	FIRE	50
5713	FIRE	50
5714	FIRE	50
5715	FIRE	50
5716	FIRE	50
5717	FIRE	50
5718	FIRE	50
5719	FIRE	50
5720	FIRE	50
5779	EARTH	50
5822	FIRE	35
5823	FIRE	50
5824	FIRE	50
5825	FIRE	50
5826	FIRE	50
5828	FIRE	100
5829	FIRE	100
5830	FIRE	100
5831	FIRE	35
5853	FIRE	20
5854	FIRE	20
5862	WATER	40
5863	WATER	40
5866	WATER	40
5872	WATER	50
5873	WATER	50
5874	WATER	40
5875	WATER	40
5876	WATER	40
5877	WATER	40
5878	WATER	50
5879	WATER	50
5880	WATER	50
5881	WATER	50
5882	WATER	50
5935	EARTH	20
5936	EARTH	20
5938	EARTH	30
5939	EARTH	30
5940	EARTH	20
5942	EARTH	35
5943	EARTH	35
5944	EARTH	25
5945	EARTH	25
6075	EARTH	20
6076	EARTH	20
6118	WATER	30
6143	AIR	40
6267	FIRE	40
6271	FIRE	40
6272	FIRE	40
6273	FIRE	45
6291	FIRE	35
6292	WATER	25
6294	FIRE	35
6295	WATER	40
6297	EARTH	50
6298	AIR	25
6300	EARTH	35
6301	EARTH	35
6302	EARTH	35
6303	EARTH	35
6304	EARTH	35
6305	EARTH	35
6309	WATER	50
6310	FIRE	40
6318	WATER	10
6319	FIRE	35
6321	FIRE	25
6323	AIR	35
6324	EARTH	40
6325	FIRE	50
6326	EARTH	35
6327	WATER	25
6330	EARTH	40
6331	EARTH	50
6339	AIR	20
6343	FIRE	50
6345	FIRE	10
6348	WATER	30
6349	WATER	30
6353	FIRE	35
6354	WATER	25
6356	FIRE	35
6357	WATER	40
6358	EARTH	50
6359	AIR	25
6361	EARTH	35
6362	EARTH	35
6363	EARTH	35
6364	EARTH	35
6365	EARTH	35
6366	EARTH	35
6370	WATER	50
6371	FIRE	40
6379	WATER	10
6380	FIRE	35
6382	FIRE	25
6384	AIR	35
6385	EARTH	40
6386	FIRE	50
6387	EARTH	35
6388	WATER	25
6391	EARTH	40
6392	EARTH	50
6400	AIR	20
6402	FIRE	45
6434	FIRE	40
6435	FIRE	40
6436	FIRE	40
6437	FIRE	40
6438	EARTH	30
6440	EARTH	40
6441	EARTH	35
6442	EARTH	35
6443	EARTH	35
6444	EARTH	35
6445	EARTH	35
6446	EARTH	35
6447	EARTH	35
6448	EARTH	35
6449	FIRE	50
6450	FIRE	50
6451	FIRE	50
6452	FIRE	50
6453	FIRE	50
6454	FIRE	50
6455	FIRE	50
6456	FIRE	50
6457	FIRE	50
6458	FIRE	50
6459	FIRE	50
6460	FIRE	50
6461	FIRE	50
6462	FIRE	50
6463	FIRE	50
6464	FIRE	50
6465	FIRE	50
6466	FIRE	50
6467	EARTH	35
6468	EARTH	35
6470	EARTH	25
6499	WATER	50
6587	AIR	30
6593	WATER	50
6594	FIRE	40
6596	FIRE	50
6597	FIRE	50
6598	FIRE	50
6600	EARTH	60
6608	AIR	40
6609	FIRE	30
6610	FIRE	40
6613	EARTH	30
6614	EARTH	40
6615	FIRE	35
6616	FIRE	35
6617	FIRE	35
6725	EARTH	40
6726	EARTH	40
6727	EARTH	40
6728	EARTH	40
6729	EARTH	40
6730	EARTH	40
6732	EARTH	20
6733	EARTH	20
6734	EARTH	20
6735	EARTH	20
6736	EARTH	20
6737	EARTH	20
6762	WATER	100
6795	WATER	100
6824	AIR	10
7106	EARTH	20
7107	EARTH	20
7144	WATER	35
7145	WATER	35
7146	WATER	35
7147	WATER	35
7148	WATER	35
7149	WATER	35
7152	WATER	35
7206	EARTH	20
7207	EARTH	20
7234	FIRE	40
7242	WATER	40
7243	WATER	40
7244	WATER	40
7245	WATER	40
7246	WATER	40
7247	WATER	40
7248	WATER	40
7249	AIR	35
7250	EARTH	60
7251	WATER	100
7252	WATER	100
7253	EARTH	50
7254	EARTH	50
7255	EARTH	50
7256	WATER	50
7257	AIR	40
7258	AIR	40
7259	EARTH	35
7260	EARTH	35
7261	EARTH	25
7262	FIRE	50
7263	AIR	50
7264	AIR	50
7265	EARTH	35
7266	EARTH	15
7267	EARTH	15
7272	AIR	25
7273	WATER	50
7274	WATER	50
7275	WATER	50
7277	EARTH	30
7279	AIR	30
7286	WATER	40
7390	AIR	40
7391	AIR	40
7392	EARTH	20
7394	WATER	100
7399	EARTH	30
7400	EARTH	30
7402	AIR	50
7403	AIR	40
7404	AIR	25
7406	AIR	20
7407	EARTH	40
7408	EARTH	40
7416	EARTH	20
7485	FIRE	50
7486	FIRE	50
7487	FIRE	50
7488	FIRE	50
7530	FIRE	50
7531	FIRE	50
7532	FIRE	50
7533	FIRE	50
7540	WATER	20
7541	WATER	20
7542	WATER	20
7543	WATER	20
7544	WATER	20
7545	WATER	20
7550	EARTH	50
7551	EARTH	50
7552	EARTH	50
7553	EARTH	50
7554	EARTH	50
7555	EARTH	50
7561	EARTH	40
7562	EARTH	40
7563	EARTH	40
7584	FIRE	150
7585	FIRE	150
7656	WATER	40
7657	WATER	40
7664	WATER	40
7679	WATER	40
7682	WATER	40
7683	WATER	40
7684	WATER	40
7685	WATER	40
7686	WATER	40
7687	WATER	40
7691	WATER	40
7692	WATER	40
7693	WATER	40
7694	WATER	40
7695	WATER	40
7696	WATER	40
7697	WATER	40
7698	WATER	40
7699	WATER	40
7700	WATER	40
7701	WATER	40
7702	WATER	40
7703	WATER	40
7704	WATER	40
7705	WATER	40
7706	WATER	40
7708	WATER	40
7792	AIR	25
7793	AIR	35
7794	AIR	25
7795	AIR	35
7796	EARTH	25
7797	FIRE	40
7799	EARTH	25
7817	WATER	100
7851	EARTH	40
7852	EARTH	70
7853	EARTH	70
7854	EARTH	40
7855	EARTH	40
7861	WATER	50
7862	WATER	50
7863	WATER	50
7864	AIR	40
7865	WATER	40
7866	WATER	40
7867	WATER	40
7868	WATER	50
7869	WATER	50
7870	WATER	50
7871	WATER	40
7872	WATER	40
7873	WATER	40
7874	WATER	40
7875	WATER	40
7876	WATER	40
7877	WATER	50
7878	FIRE	100
7879	FIRE	100
7880	FIRE	100
7881	AIR	30
7882	EARTH	40
7883	EARTH	40
7884	EARTH	70
7885	EARTH	70
7886	EARTH	40
7887	EARTH	40
7888	EARTH	40
7889	EARTH	40
7894	EARTH	40
7895	EARTH	40
7903	EARTH	40
7931	AIR	30
7932	AIR	30
7933	AIR	30
7934	AIR	30
7935	AIR	30
7936	AIR	30
7937	AIR	30
7938	AIR	30
7939	AIR	30
7940	AIR	30
7989	EARTH	20
7990	EARTH	20
7991	EARTH	20
7992	EARTH	20
8027	EARTH	50
8030	EARTH	50
8031	EARTH	50
8058	FIRE	40
8059	FIRE	40
8060	FIRE	40
8061	FIRE	40
8062	FIRE	50
8063	FIRE	50
8064	EARTH	40
8065	EARTH	40
8066	EARTH	40
8067	FIRE	50
8068	FIRE	50
8069	FIRE	50
8070	EARTH	35
8071	EARTH	35
8072	EARTH	35
8073	WATER	50
8075	WATER	50
8076	WATER	50
8078	WATER	50
8079	WATER	50
8080	EARTH	50
8082	WATER	50
8084	WATER	50
8085	WATER	50
8087	WATER	50
8088	EARTH	50
8089	EARTH	50
8090	EARTH	50
8091	EARTH	50
8092	WATER	50
8093	WATER	50
8094	WATER	40
8095	WATER	40
8096	WATER	40
8097	WATER	40
8098	WATER	40
8137	FIRE	50
8138	FIRE	50
8177	WATER	40
8178	WATER	40
8179	WATER	40
8195	FIRE	50
8297	EARTH	35
8298	EARTH	35
8299	EARTH	35
8340	AIR	50
8342	FIRE	15
8343	FIRE	15
8344	FIRE	15
8345	FIRE	15
8346	FIRE	15
8347	FIRE	15
8348	FIRE	15
8349	FIRE	15
8350	FIRE	15
8351	FIRE	15
8352	FIRE	15
8353	FIRE	15
8354	FIRE	15
8355	FIRE	15
8356	FIRE	15
8357	FIRE	15
8366	FIRE	15
8367	EARTH	50
8374	FIRE	50
8375	FIRE	50
8381	FIRE	15
8382	FIRE	15
8384	FIRE	15
8385	FIRE	15
8439	FIRE	40
8514	AIR	15
8528	AIR	15
8529	AIR	15
8578	EARTH	20
8583	FIRE	100
8609	EARTH	40
8610	EARTH	50
8611	EARTH	50
8612	WATER	50
8613	WATER	50
8615	EARTH	50
8616	EARTH	50
8617	EARTH	50
8618	EARTH	50
8619	EARTH	50
8620	EARTH	50
8621	EARTH	50
8622	EARTH	50
8700	EARTH	25
8701	EARTH	25
8702	EARTH	40
8703	FIRE	40
8713	FIRE	40
8736	FIRE	50
8978	FIRE	50
9258	EARTH	40
9282	EARTH	40
9283	EARTH	40
9284	EARTH	40
9285	EARTH	40
9286	EARTH	40
9287	EARTH	40
9288	EARTH	40
9290	EARTH	40
9291	EARTH	40
9293	EARTH	40
9435	FIRE	70
9438	FIRE	70
9441	FIRE	70
9444	FIRE	70
9452	FIRE	50
9453	FIRE	50
9468	FIRE	50
9469	FIRE	50
9609	AIR	20
10374	EARTH	25
10375	EARTH	25
10376	EARTH	25
10398	EARTH	50
10399	EARTH	50
10400	WATER	50
10522	FIRE	25
10523	AIR	50
10524	AIR	50
10525	AIR	50
10526	AIR	50
10533	FIRE	25
10534	AIR	50
10535	AIR	50
10536	AIR	50
10537	AIR	50
10541	AIR	25
10544	AIR	50
10545	AIR	50
10589	AIR	40
10591	FIRE	50
10592	FIRE	50
10623	WATER	40
10624	WATER	40
10689	EARTH	35
10690	EARTH	35
10691	EARTH	35
10692	EARTH	35
10693	EARTH	35
10694	EARTH	35
10695	EARTH	35
10696	EARTH	35
10717	EARTH	35
10718	EARTH	35
10719	EARTH	35
10720	EARTH	35
10721	EARTH	35
10722	FIRE	100
10768	AIR	50
10772	AIR	50
10774	FIRE	15
10775	FIRE	15
10776	FIRE	15
10777	FIRE	15
10778	FIRE	15
10779	FIRE	15
10780	FIRE	15
10781	FIRE	15
10782	FIRE	15
10783	FIRE	15
10784	FIRE	15
10785	FIRE	15
10786	FIRE	15
10787	FIRE	15
10788	FIRE	15
10789	FIRE	15
10791	FIRE	15
10792	FIRE	15
10793	FIRE	15
10794	FIRE	15
10795	FIRE	15
10796	FIRE	15
10797	FIRE	15
10798	FIRE	15
10799	FIRE	15
10800	FIRE	15
10801	FIRE	15
10802	FIRE	15
10803	FIRE	15
10804	FIRE	15
10805	FIRE	15
10806	FIRE	15
10807	FIRE	15
10808	FIRE	15
10809	FIRE	15
10810	FIRE	15
10820	FIRE	15
10821	EARTH	50
10828	FIRE	15
10829	EARTH	50
10835	FIRE	50
10836	FIRE	50
10841	FIRE	15
10842	FIRE	15
10843	FIRE	15
10844	FIRE	15
10845	FIRE	15
10852	FIRE	50
10853	FIRE	50
10858	FIRE	15
10859	FIRE	15
10862	FIRE	15
10888	AIR	35
11066	FIRE	20
11067	FIRE	20
11175	FIRE	50
11176	FIRE	50
11238	AIR	35
11241	EARTH	35
11242	EARTH	35
11243	EARTH	35
11244	EARTH	35
11245	EARTH	35
11290	FIRE	200
11291	FIRE	200
11292	FIRE	200
11482	FIRE	35
11483	FIRE	35
11508	FIRE	50
11581	EARTH	40
11582	EARTH	40
11583	FIRE	10
11584	FIRE	40
11585	FIRE	40
11697	FIRE	40
11705	EARTH	40
11719	FIRE	40
11721	FIRE	35
11723	FIRE	40
11724	FIRE	50
11725	FIRE	50
11726	FIRE	50
11753	EARTH	50
11754	EARTH	50
11755	EARTH	50
11756	EARTH	50
11757	EARTH	50
11758	EARTH	50
11761	EARTH	50
11762	EARTH	50
11763	EARTH	50
11764	EARTH	50
11797	AIR	60
11798	AIR	60
11799	AIR	60
11989	FIRE	20
11990	FIRE	40
11998	FIRE	25
11999	FIRE	40
12077	AIR	65
12078	AIR	65
12079	AIR	65
12080	AIR	65
12082	AIR	65
12107	EARTH	30
12108	EARTH	40
12204	EARTH	60
12205	EARTH	60
12206	EARTH	60
12207	EARTH	60
12223	FIRE	35
12224	FIRE	35
12228	FIRE	35
12254	AIR	50
12268	FIRE	50
12269	FIRE	50
12270	FIRE	50
12271	FIRE	50
12272	FIRE	50
12273	FIRE	50
12274	FIRE	50
12275	FIRE	50
12276	FIRE	50
12277	FIRE	50
12278	FIRE	50
12279	FIRE	50
12280	FIRE	50
12281	FIRE	50
12282	FIRE	50
12283	FIRE	50
12284	FIRE	50
12285	FIRE	50
12286	FIRE	50
12287	FIRE	50
12328	AIR	15
12360	WATER	40
12361	WATER	40
12362	WATER	40
12363	WATER	40
12364	WATER	40
12365	WATER	40
12373	WATER	40
12374	WATER	50
12376	WATER	40
12377	WATER	10
12378	WATER	40
12379	WATER	50
12385	WATER	40
12386	WATER	40
12387	WATER	40
12388	WATER	40
12389	WATER	40
12390	WATER	40
12425	FIRE	35
12426	FIRE	35
12429	FIRE	50
12430	FIRE	50
12431	FIRE	50
12432	FIRE	50
12433	FIRE	50
12434	FIRE	50
12435	FIRE	50
12439	EARTH	35
12440	WATER	50
12441	EARTH	35
12442	EARTH	35
12443	AIR	30
12444	EARTH	40
12446	WATER	30
12447	AIR	50
12453	WATER	100
12455	WATER	30
12456	WATER	50
12457	EARTH	30
12465	EARTH	25
12490	EARTH	20
12596	WATER	50
12720	FIRE	50
12721	FIRE	50
12722	FIRE	50
12723	FIRE	50
12724	FIRE	50
12725	FIRE	50
12726	FIRE	50
12727	FIRE	50
12728	FIRE	50
12729	FIRE	50
12730	FIRE	50
12731	FIRE	50
12732	FIRE	50
12733	FIRE	50
12734	FIRE	50
12735	FIRE	50
12736	FIRE	50
12738	FIRE	50
12739	FIRE	50
12755	FIRE	50
12757	FIRE	50
12758	FIRE	50
12761	FIRE	50
12763	FIRE	50
12764	FIRE	50
12844	FIRE	50
12845	FIRE	50
12846	FIRE	50
12847	FIRE	50
12848	EARTH	25
12849	EARTH	25
12850	EARTH	25
12851	FIRE	20
12852	FIRE	20
12853	FIRE	20
12976	FIRE	10
12977	FIRE	10
12978	FIRE	30
12979	NONE	
13001	FIRE	25
13011	AIR	15
13012	AIR	15
13013	AIR	15
13021	EARTH	15
13031	EARTH	50
13032	EARTH	50
13033	AIR	15
13476	EARTH	35
13477	EARTH	35
13478	EARTH	35
13479	EARTH	35
13489	FIRE	50
13490	FIRE	50
13491	FIRE	50
13492	FIRE	50
13493	FIRE	50
13495	EARTH	35
13496	EARTH	35
13497	EARTH	35
13498	EARTH	35
13499	EARTH	35
13500	EARTH	35
13501	EARTH	35
13502	EARTH	25
13503	EARTH	25
13504	EARTH	25
13599	WATER	30
13600	WATER	30
13601	WATER	30
13602	WATER	30
13656	FIRE	35
13657	WATER	40
13658	FIRE	50
13659	AIR	20
13661	WATER	40
13666	FIRE	50
13667	FIRE	50
13668	FIRE	50
13671	FIRE	50
13673	FIRE	50
13675	FIRE	50
13680	FIRE	50
13685	FIRE	30
13686	FIRE	30
13728	FIRE	50
13787	FIRE	50
13788	FIRE	50
13789	FIRE	100
13790	FIRE	100
13791	FIRE	100
13792	FIRE	100
13795	FIRE	50
13796	FIRE	100
13797	FIRE	100
13798	FIRE	100
13799	FIRE	50
13800	FIRE	50
13801	FIRE	50
13802	FIRE	100
13812	NONE	
13968	FIRE	20
14009	EARTH	60
14010	EARTH	60
14011	EARTH	60
14012	EARTH	60
14013	EARTH	60
14014	EARTH	60
14015	EARTH	60
14017	EARTH	60
14031	FIRE	50
14042	AIR	35
14103	FIRE	50
14104	FIRE	50
14105	FIRE	50
14106	FIRE	50
14113	FIRE	50
14114	FIRE	50
14115	FIRE	50
14116	FIRE	50
14117	FIRE	50
14118	FIRE	50
14119	FIRE	50
14120	FIRE	50
14121	FIRE	50
14122	FIRE	50
14126	FIRE	50
14135	FIRE	50
14136	FIRE	50
14147	FIRE	50
14150	WATER	100
14151	FIRE	100
14176	WATER	50
14180	WATER	15
14313	EARTH	30
14318	EARTH	30
14420	AIR	15
14421	AIR	15
14422	FIRE	50
14423	EARTH	25
14426	AIR	35
14427	AIR	35
14428	AIR	35
14511	WATER	50
14512	FIRE	30
14520	FIRE	30
14545	FIRE	10
14546	FIRE	10
14547	FIRE	10
14702	FIRE	30
14703	FIRE	30
14704	FIRE	30
14706	FIRE	30
14857	AIR	50
14858	AIR	50
14859	AIR	50
14860	AIR	50
14922	FIRE	100
14938	AIR	20
14940	FIRE	25
15009	AIR	50
15010	AIR	50
15025	FIRE	50
15165	FIRE	50
15166	EARTH	35
15167	EARTH	40
15168	FIRE	100
15169	EARTH	20
15171	NONE	
15175	EARTH	50
15206	EARTH	50
15208	EARTH	50
15210	EARTH	50
15212	EARTH	50
15440	FIRE	40
15500	WATER	50
15501	EARTH	30
15504	WATER	50
15549	AIR	65
15551	EARTH	50
15552	EARTH	50
15553	FIRE	50
15555	WATER	50
15557	WATER	40
15558	FIRE	50
15559	AIR	40
15560	FIRE	50
15561	FIRE	50
15612	WATER	40
15626	EARTH	25
15627	EARTH	25
15628	EARTH	25
15629	EARTH	25
15742	FIRE	
15756	FIRE	40
15757	AIR	40
16223	FIRE	40
16224	FIRE	40
16225	FIRE	40
16226	AIR	25
16296	EARTH	50
16297	EARTH	50
16305	EARTH	15
16307	EARTH	15
16309	EARTH	15
16311	EARTH	15
16330	FIRE	50
16331	FIRE	50
16332	FIRE	50
16344	EARTH	5
